Test File,Rules,Lits,Run,Report,Time (%),Total Time (ns),Instances,Avg (ns),Med (ns),Min (ns),Max (ns),StdDev (ns),Name
sudoku_16x16.in,2048,32768,1,wall,100.0,438232879,1,,,,,,total
sudoku_16x16.in,2048,32768,1,nvtx_pushpop_sum,61.5,507430,1,507430.0,507430.0,507430,507430,0.0,:build_reverse_tables
sudoku_16x16.in,2048,32768,1,nvtx_pushpop_sum,38.5,317541,1,317541.0,317541.0,317541,317541,0.0,:fixpoint
sudoku_16x16.in,2048,32768,1,nvtx_sum,61.5,507430,1,507430.0,507430.0,507430,507430,0.0,PushPop,:build_reverse_tables
sudoku_16x16.in,2048,32768,1,nvtx_sum,38.5,317541,1,317541.0,317541.0,317541,317541,0.0,PushPop,:fixpoint
sudoku_16x16.in,2048,32768,1,cuda_gpu_kern_sum,84.6,108191,1,108191.0,108191.0,108191,108191,0.0,"kernel(int *, const int *, const int *, const int *, const int *, const int *, const int *, const int *, const int *, const int *, const int *, const int *, int *, int *, int *, int, int *, int *, int *)"
sudoku_16x16.in,2048,32768,1,cuda_gpu_kern_sum,15.4,19744,1,19744.0,19744.0,19744,19744,0.0,"init_sums_kernel(const int *, const int *, const int *, const int *, int *, int *, int *, int)"
sudoku_16x16.in,2048,32768,2,wall,100.0,439200460,1,,,,,,total
sudoku_16x16.in,2048,32768,2,nvtx_pushpop_sum,59.1,464075,1,464075.0,464075.0,464075,464075,0.0,:build_reverse_tables
sudoku_16x16.in,2048,32768,2,nvtx_pushpop_sum,40.9,321641,1,321641.0,321641.0,321641,321641,0.0,:fixpoint
sudoku_16x16.in,2048,32768,2,nvtx_sum,59.1,464075,1,464075.0,464075.0,464075,464075,0.0,PushPop,:build_reverse_tables
sudoku_16x16.in,2048,32768,2,nvtx_sum,40.9,321641,1,321641.0,321641.0,321641,321641,0.0,PushPop,:fixpoint
sudoku_16x16.in,2048,32768,2,cuda_gpu_kern_sum,84.7,109440,1,109440.0,109440.0,109440,109440,0.0,"kernel(int *, const int *, const int *, const int *, const int *, const int *, const int *, const int *, const int *, const int *, const int *, const int *, int *, int *, int *, int, int *, int *, int *)"
sudoku_16x16.in,2048,32768,2,cuda_gpu_kern_sum,15.3,19776,1,19776.0,19776.0,19776,19776,0.0,"init_sums_kernel(const int *, const int *, const int *, const int *, int *, int *, int *, int)"
sudoku_16x16.in,2048,32768,3,wall,100.0,528375337,1,,,,,,total
sudoku_16x16.in,2048,32768,3,nvtx_pushpop_sum,56.0,455205,1,455205.0,455205.0,455205,455205,0.0,:build_reverse_tables
sudoku_16x16.in,2048,32768,3,nvtx_pushpop_sum,44.0,357852,1,357852.0,357852.0,357852,357852,0.0,:fixpoint
sudoku_16x16.in,2048,32768,3,nvtx_sum,56.0,455205,1,455205.0,455205.0,455205,455205,0.0,PushPop,:build_reverse_tables
sudoku_16x16.in,2048,32768,3,nvtx_sum,44.0,357852,1,357852.0,357852.0,357852,357852,0.0,PushPop,:fixpoint
sudoku_16x16.in,2048,32768,3,cuda_gpu_kern_sum,84.4,107231,1,107231.0,107231.0,107231,107231,0.0,"kernel(int *, const int *, const int *, const int *, const int *, const int *, const int *, const int *, const int *, const int *, const int *, const int *, int *, int *, int *, int, int *, int *, int *)"
sudoku_16x16.in,2048,32768,3,cuda_gpu_kern_sum,15.6,19840,1,19840.0,19840.0,19840,19840,0.0,"init_sums_kernel(const int *, const int *, const int *, const int *, int *, int *, int *, int)"
sudoku_25x25.in,5000,125000,1,wall,100.0,475429669,1,,,,,,total
sudoku_25x25.in,5000,125000,1,nvtx_pushpop_sum,80.1,1490942,1,1490942.0,1490942.0,1490942,1490942,0.0,:build_reverse_tables
sudoku_25x25.in,5000,125000,1,nvtx_pushpop_sum,19.9,369319,1,369319.0,369319.0,369319,369319,0.0,:fixpoint
sudoku_25x25.in,5000,125000,1,nvtx_sum,80.1,1490942,1,1490942.0,1490942.0,1490942,1490942,0.0,PushPop,:build_reverse_tables
sudoku_25x25.in,5000,125000,1,nvtx_sum,19.9,369319,1,369319.0,369319.0,369319,369319,0.0,PushPop,:fixpoint
sudoku_25x25.in,5000,125000,1,cuda_gpu_kern_sum,74.8,132031,1,132031.0,132031.0,132031,132031,0.0,"kernel(int *, const int *, const int *, const int *, const int *, const int *, const int *, const int *, const int *, const int *, const int *, const int *, int *, int *, int *, int, int *, int *, int *)"
sudoku_25x25.in,5000,125000,1,cuda_gpu_kern_sum,25.2,44480,1,44480.0,44480.0,44480,44480,0.0,"init_sums_kernel(const int *, const int *, const int *, const int *, int *, int *, int *, int)"
sudoku_25x25.in,5000,125000,2,wall,100.0,537669017,1,,,,,,total
sudoku_25x25.in,5000,125000,2,nvtx_pushpop_sum,77.2,1542794,1,1542794.0,1542794.0,1542794,1542794,0.0,:build_reverse_tables
sudoku_25x25.in,5000,125000,2,nvtx_pushpop_sum,22.8,455460,1,455460.0,455460.0,455460,455460,0.0,:fixpoint
sudoku_25x25.in,5000,125000,2,nvtx_sum,77.2,1542794,1,1542794.0,1542794.0,1542794,1542794,0.0,PushPop,:build_reverse_tables
sudoku_25x25.in,5000,125000,2,nvtx_sum,22.8,455460,1,455460.0,455460.0,455460,455460,0.0,PushPop,:fixpoint
sudoku_25x25.in,5000,125000,2,cuda_gpu_kern_sum,74.8,131967,1,131967.0,131967.0,131967,131967,0.0,"kernel(int *, const int *, const int *, const int *, const int *, const int *, const int *, const int *, const int *, const int *, const int *, const int *, int *, int *, int *, int, int *, int *, int *)"
sudoku_25x25.in,5000,125000,2,cuda_gpu_kern_sum,25.2,44383,1,44383.0,44383.0,44383,44383,0.0,"init_sums_kernel(const int *, const int *, const int *, const int *, int *, int *, int *, int)"
sudoku_25x25.in,5000,125000,3,wall,100.0,558782163,1,,,,,,total
sudoku_25x25.in,5000,125000,3,nvtx_pushpop_sum,81.4,1668544,1,1668544.0,1668544.0,1668544,1668544,0.0,:build_reverse_tables
sudoku_25x25.in,5000,125000,3,nvtx_pushpop_sum,18.6,380816,1,380816.0,380816.0,380816,380816,0.0,:fixpoint
sudoku_25x25.in,5000,125000,3,nvtx_sum,81.4,1668544,1,1668544.0,1668544.0,1668544,1668544,0.0,PushPop,:build_reverse_tables
sudoku_25x25.in,5000,125000,3,nvtx_sum,18.6,380816,1,380816.0,380816.0,380816,380816,0.0,PushPop,:fixpoint
sudoku_25x25.in,5000,125000,3,cuda_gpu_kern_sum,74.8,131871,1,131871.0,131871.0,131871,131871,0.0,"kernel(int *, const int *, const int *, const int *, const int *, const int *, const int *, const int *, const int *, const int *, const int *, const int *, int *, int *, int *, int, int *, int *, int *)"
sudoku_25x25.in,5000,125000,3,cuda_gpu_kern_sum,25.2,44480,1,44480.0,44480.0,44480,44480,0.0,"init_sums_kernel(const int *, const int *, const int *, const int *, int *, int *, int *, int)"
sudoku_9x9.in,648,5832,1,wall,100.0,428260638,1,,,,,,total
sudoku_9x9.in,648,5832,1,nvtx_pushpop_sum,84.0,314535,1,314535.0,314535.0,314535,314535,0.0,:fixpoint
sudoku_9x9.in,648,5832,1,nvtx_pushpop_sum,16.0,59851,1,59851.0,59851.0,59851,59851,0.0,:build_reverse_tables
sudoku_9x9.in,648,5832,1,nvtx_sum,84.0,314535,1,314535.0,314535.0,314535,314535,0.0,PushPop,:fixpoint
sudoku_9x9.in,648,5832,1,nvtx_sum,16.0,59851,1,59851.0,59851.0,59851,59851,0.0,PushPop,:build_reverse_tables
sudoku_9x9.in,648,5832,1,cuda_gpu_kern_sum,92.7,104159,1,104159.0,104159.0,104159,104159,0.0,"kernel(int *, const int *, const int *, const int *, const int *, const int *, const int *, const int *, const int *, const int *, const int *, const int *, int *, int *, int *, int, int *, int *, int *)"
sudoku_9x9.in,648,5832,1,cuda_gpu_kern_sum,7.3,8224,1,8224.0,8224.0,8224,8224,0.0,"init_sums_kernel(const int *, const int *, const int *, const int *, int *, int *, int *, int)"
sudoku_9x9.in,648,5832,2,wall,100.0,505365370,1,,,,,,total
sudoku_9x9.in,648,5832,2,nvtx_pushpop_sum,83.6,303988,1,303988.0,303988.0,303988,303988,0.0,:fixpoint
sudoku_9x9.in,648,5832,2,nvtx_pushpop_sum,16.4,59481,1,59481.0,59481.0,59481,59481,0.0,:build_reverse_tables
sudoku_9x9.in,648,5832,2,nvtx_sum,83.6,303988,1,303988.0,303988.0,303988,303988,0.0,PushPop,:fixpoint
sudoku_9x9.in,648,5832,2,nvtx_sum,16.4,59481,1,59481.0,59481.0,59481,59481,0.0,PushPop,:build_reverse_tables
sudoku_9x9.in,648,5832,2,cuda_gpu_kern_sum,92.7,106239,1,106239.0,106239.0,106239,106239,0.0,"kernel(int *, const int *, const int *, const int *, const int *, const int *, const int *, const int *, const int *, const int *, const int *, const int *, int *, int *, int *, int, int *, int *, int *)"
sudoku_9x9.in,648,5832,2,cuda_gpu_kern_sum,7.3,8320,1,8320.0,8320.0,8320,8320,0.0,"init_sums_kernel(const int *, const int *, const int *, const int *, int *, int *, int *, int)"
sudoku_9x9.in,648,5832,3,wall,100.0,494022773,1,,,,,,total
sudoku_9x9.in,648,5832,3,nvtx_pushpop_sum,83.5,305887,1,305887.0,305887.0,305887,305887,0.0,:fixpoint
sudoku_9x9.in,648,5832,3,nvtx_pushpop_sum,16.5,60299,1,60299.0,60299.0,60299,60299,0.0,:build_reverse_tables
sudoku_9x9.in,648,5832,3,nvtx_sum,83.5,305887,1,305887.0,305887.0,305887,305887,0.0,PushPop,:fixpoint
sudoku_9x9.in,648,5832,3,nvtx_sum,16.5,60299,1,60299.0,60299.0,60299,60299,0.0,PushPop,:build_reverse_tables
sudoku_9x9.in,648,5832,3,cuda_gpu_kern_sum,92.7,105375,1,105375.0,105375.0,105375,105375,0.0,"kernel(int *, const int *, const int *, const int *, const int *, const int *, const int *, const int *, const int *, const int *, const int *, const int *, int *, int *, int *, int, int *, int *, int *)"
sudoku_9x9.in,648,5832,3,cuda_gpu_kern_sum,7.3,8352,1,8352.0,8352.0,8352,8352,0.0,"init_sums_kernel(const int *, const int *, const int *, const int *, int *, int *, int *, int)"
synth_L008_r000500.in,500,4000,1,wall,100.0,432365619,1,,,,,,total
synth_L008_r000500.in,500,4000,1,nvtx_pushpop_sum,82.9,244718,1,244718.0,244718.0,244718,244718,0.0,:fixpoint
synth_L008_r000500.in,500,4000,1,nvtx_pushpop_sum,17.1,50372,1,50372.0,50372.0,50372,50372,0.0,:build_reverse_tables
synth_L008_r000500.in,500,4000,1,nvtx_sum,82.9,244718,1,244718.0,244718.0,244718,244718,0.0,PushPop,:fixpoint
synth_L008_r000500.in,500,4000,1,nvtx_sum,17.1,50372,1,50372.0,50372.0,50372,50372,0.0,PushPop,:build_reverse_tables
synth_L008_r000500.in,500,4000,1,cuda_gpu_kern_sum,88.1,47839,1,47839.0,47839.0,47839,47839,0.0,"kernel(int *, const int *, const int *, const int *, const int *, const int *, const int *, const int *, const int *, const int *, const int *, const int *, int *, int *, int *, int, int *, int *, int *)"
synth_L008_r000500.in,500,4000,1,cuda_gpu_kern_sum,11.9,6464,1,6464.0,6464.0,6464,6464,0.0,"init_sums_kernel(const int *, const int *, const int *, const int *, int *, int *, int *, int)"
synth_L008_r000500.in,500,4000,2,wall,100.0,430174193,1,,,,,,total
synth_L008_r000500.in,500,4000,2,nvtx_pushpop_sum,83.5,244418,1,244418.0,244418.0,244418,244418,0.0,:fixpoint
synth_L008_r000500.in,500,4000,2,nvtx_pushpop_sum,16.5,48316,1,48316.0,48316.0,48316,48316,0.0,:build_reverse_tables
synth_L008_r000500.in,500,4000,2,nvtx_sum,83.5,244418,1,244418.0,244418.0,244418,244418,0.0,PushPop,:fixpoint
synth_L008_r000500.in,500,4000,2,nvtx_sum,16.5,48316,1,48316.0,48316.0,48316,48316,0.0,PushPop,:build_reverse_tables
synth_L008_r000500.in,500,4000,2,cuda_gpu_kern_sum,88.0,47840,1,47840.0,47840.0,47840,47840,0.0,"kernel(int *, const int *, const int *, const int *, const int *, const int *, const int *, const int *, const int *, const int *, const int *, const int *, int *, int *, int *, int, int *, int *, int *)"
synth_L008_r000500.in,500,4000,2,cuda_gpu_kern_sum,12.0,6496,1,6496.0,6496.0,6496,6496,0.0,"init_sums_kernel(const int *, const int *, const int *, const int *, int *, int *, int *, int)"
synth_L008_r000500.in,500,4000,3,wall,100.0,504856841,1,,,,,,total
synth_L008_r000500.in,500,4000,3,nvtx_pushpop_sum,85.6,325276,1,325276.0,325276.0,325276,325276,0.0,:fixpoint
synth_L008_r000500.in,500,4000,3,nvtx_pushpop_sum,14.4,54621,1,54621.0,54621.0,54621,54621,0.0,:build_reverse_tables
synth_L008_r000500.in,500,4000,3,nvtx_sum,85.6,325276,1,325276.0,325276.0,325276,325276,0.0,PushPop,:fixpoint
synth_L008_r000500.in,500,4000,3,nvtx_sum,14.4,54621,1,54621.0,54621.0,54621,54621,0.0,PushPop,:build_reverse_tables
synth_L008_r000500.in,500,4000,3,cuda_gpu_kern_sum,88.0,47712,1,47712.0,47712.0,47712,47712,0.0,"kernel(int *, const int *, const int *, const int *, const int *, const int *, const int *, const int *, const int *, const int *, const int *, const int *, int *, int *, int *, int, int *, int *, int *)"
synth_L008_r000500.in,500,4000,3,cuda_gpu_kern_sum,12.0,6528,1,6528.0,6528.0,6528,6528,0.0,"init_sums_kernel(const int *, const int *, const int *, const int *, int *, int *, int *, int)"
synth_L008_r001000.in,1000,8000,1,wall,100.0,428001033,1,,,,,,total
synth_L008_r001000.in,1000,8000,1,nvtx_pushpop_sum,79.1,291008,1,291008.0,291008.0,291008,291008,0.0,:fixpoint
synth_L008_r001000.in,1000,8000,1,nvtx_pushpop_sum,20.9,76687,1,76687.0,76687.0,76687,76687,0.0,:build_reverse_tables
synth_L008_r001000.in,1000,8000,1,nvtx_sum,79.1,291008,1,291008.0,291008.0,291008,291008,0.0,PushPop,:fixpoint
synth_L008_r001000.in,1000,8000,1,nvtx_sum,20.9,76687,1,76687.0,76687.0,76687,76687,0.0,PushPop,:build_reverse_tables
synth_L008_r001000.in,1000,8000,1,cuda_gpu_kern_sum,86.5,68639,1,68639.0,68639.0,68639,68639,0.0,"kernel(int *, const int *, const int *, const int *, const int *, const int *, const int *, const int *, const int *, const int *, const int *, const int *, int *, int *, int *, int, int *, int *, int *)"
synth_L008_r001000.in,1000,8000,1,cuda_gpu_kern_sum,13.5,10752,1,10752.0,10752.0,10752,10752,0.0,"init_sums_kernel(const int *, const int *, const int *, const int *, int *, int *, int *, int)"
synth_L008_r001000.in,1000,8000,2,wall,100.0,487041050,1,,,,,,total
synth_L008_r001000.in,1000,8000,2,nvtx_pushpop_sum,73.7,268295,1,268295.0,268295.0,268295,268295,0.0,:fixpoint
synth_L008_r001000.in,1000,8000,2,nvtx_pushpop_sum,26.3,95957,1,95957.0,95957.0,95957,95957,0.0,:build_reverse_tables
synth_L008_r001000.in,1000,8000,2,nvtx_sum,73.7,268295,1,268295.0,268295.0,268295,268295,0.0,PushPop,:fixpoint
synth_L008_r001000.in,1000,8000,2,nvtx_sum,26.3,95957,1,95957.0,95957.0,95957,95957,0.0,PushPop,:build_reverse_tables
synth_L008_r001000.in,1000,8000,2,cuda_gpu_kern_sum,86.5,68096,1,68096.0,68096.0,68096,68096,0.0,"kernel(int *, const int *, const int *, const int *, const int *, const int *, const int *, const int *, const int *, const int *, const int *, const int *, int *, int *, int *, int, int *, int *, int *)"
synth_L008_r001000.in,1000,8000,2,cuda_gpu_kern_sum,13.5,10655,1,10655.0,10655.0,10655,10655,0.0,"init_sums_kernel(const int *, const int *, const int *, const int *, int *, int *, int *, int)"
synth_L008_r001000.in,1000,8000,3,wall,100.0,498421940,1,,,,,,total
synth_L008_r001000.in,1000,8000,3,nvtx_pushpop_sum,74.2,284097,1,284097.0,284097.0,284097,284097,0.0,:fixpoint
synth_L008_r001000.in,1000,8000,3,nvtx_pushpop_sum,25.8,98891,1,98891.0,98891.0,98891,98891,0.0,:build_reverse_tables
synth_L008_r001000.in,1000,8000,3,nvtx_sum,74.2,284097,1,284097.0,284097.0,284097,284097,0.0,PushPop,:fixpoint
synth_L008_r001000.in,1000,8000,3,nvtx_sum,25.8,98891,1,98891.0,98891.0,98891,98891,0.0,PushPop,:build_reverse_tables
synth_L008_r001000.in,1000,8000,3,cuda_gpu_kern_sum,86.5,68896,1,68896.0,68896.0,68896,68896,0.0,"kernel(int *, const int *, const int *, const int *, const int *, const int *, const int *, const int *, const int *, const int *, const int *, const int *, int *, int *, int *, int, int *, int *, int *)"
synth_L008_r001000.in,1000,8000,3,cuda_gpu_kern_sum,13.5,10720,1,10720.0,10720.0,10720,10720,0.0,"init_sums_kernel(const int *, const int *, const int *, const int *, int *, int *, int *, int)"
synth_L008_r002000.in,2000,16000,1,wall,100.0,436751695,1,,,,,,total
synth_L008_r002000.in,2000,16000,1,nvtx_pushpop_sum,63.9,317290,1,317290.0,317290.0,317290,317290,0.0,:fixpoint
synth_L008_r002000.in,2000,16000,1,nvtx_pushpop_sum,36.1,179268,1,179268.0,179268.0,179268,179268,0.0,:build_reverse_tables
synth_L008_r002000.in,2000,16000,1,nvtx_sum,63.9,317290,1,317290.0,317290.0,317290,317290,0.0,PushPop,:fixpoint
synth_L008_r002000.in,2000,16000,1,nvtx_sum,36.1,179268,1,179268.0,179268.0,179268,179268,0.0,PushPop,:build_reverse_tables
synth_L008_r002000.in,2000,16000,1,cuda_gpu_kern_sum,84.6,104768,1,104768.0,104768.0,104768,104768,0.0,"kernel(int *, const int *, const int *, const int *, const int *, const int *, const int *, const int *, const int *, const int *, const int *, const int *, int *, int *, int *, int, int *, int *, int *)"
synth_L008_r002000.in,2000,16000,1,cuda_gpu_kern_sum,15.4,19104,1,19104.0,19104.0,19104,19104,0.0,"init_sums_kernel(const int *, const int *, const int *, const int *, int *, int *, int *, int)"
synth_L008_r002000.in,2000,16000,2,wall,100.0,508799561,1,,,,,,total
synth_L008_r002000.in,2000,16000,2,nvtx_pushpop_sum,63.8,310541,1,310541.0,310541.0,310541,310541,0.0,:fixpoint
synth_L008_r002000.in,2000,16000,2,nvtx_pushpop_sum,36.2,176539,1,176539.0,176539.0,176539,176539,0.0,:build_reverse_tables
synth_L008_r002000.in,2000,16000,2,nvtx_sum,63.8,310541,1,310541.0,310541.0,310541,310541,0.0,PushPop,:fixpoint
synth_L008_r002000.in,2000,16000,2,nvtx_sum,36.2,176539,1,176539.0,176539.0,176539,176539,0.0,PushPop,:build_reverse_tables
synth_L008_r002000.in,2000,16000,2,cuda_gpu_kern_sum,84.4,104351,1,104351.0,104351.0,104351,104351,0.0,"kernel(int *, const int *, const int *, const int *, const int *, const int *, const int *, const int *, const int *, const int *, const int *, const int *, int *, int *, int *, int, int *, int *, int *)"
synth_L008_r002000.in,2000,16000,2,cuda_gpu_kern_sum,15.6,19360,1,19360.0,19360.0,19360,19360,0.0,"init_sums_kernel(const int *, const int *, const int *, const int *, int *, int *, int *, int)"
synth_L008_r002000.in,2000,16000,3,wall,100.0,441177536,1,,,,,,total
synth_L008_r002000.in,2000,16000,3,nvtx_pushpop_sum,56.7,314076,1,314076.0,314076.0,314076,314076,0.0,:fixpoint
synth_L008_r002000.in,2000,16000,3,nvtx_pushpop_sum,43.3,240052,1,240052.0,240052.0,240052,240052,0.0,:build_reverse_tables
synth_L008_r002000.in,2000,16000,3,nvtx_sum,56.7,314076,1,314076.0,314076.0,314076,314076,0.0,PushPop,:fixpoint
synth_L008_r002000.in,2000,16000,3,nvtx_sum,43.3,240052,1,240052.0,240052.0,240052,240052,0.0,PushPop,:build_reverse_tables
synth_L008_r002000.in,2000,16000,3,cuda_gpu_kern_sum,84.4,104992,1,104992.0,104992.0,104992,104992,0.0,"kernel(int *, const int *, const int *, const int *, const int *, const int *, const int *, const int *, const int *, const int *, const int *, const int *, int *, int *, int *, int, int *, int *, int *)"
synth_L008_r002000.in,2000,16000,3,cuda_gpu_kern_sum,15.6,19391,1,19391.0,19391.0,19391,19391,0.0,"init_sums_kernel(const int *, const int *, const int *, const int *, int *, int *, int *, int)"
synth_L008_r004000.in,4000,32000,1,wall,100.0,439744761,1,,,,,,total
synth_L008_r004000.in,4000,32000,1,nvtx_pushpop_sum,51.6,378801,1,378801.0,378801.0,378801,378801,0.0,:fixpoint
synth_L008_r004000.in,4000,32000,1,nvtx_pushpop_sum,48.4,354777,1,354777.0,354777.0,354777,354777,0.0,:build_reverse_tables
synth_L008_r004000.in,4000,32000,1,nvtx_sum,51.6,378801,1,378801.0,378801.0,378801,378801,0.0,PushPop,:fixpoint
synth_L008_r004000.in,4000,32000,1,nvtx_sum,48.4,354777,1,354777.0,354777.0,354777,354777,0.0,PushPop,:build_reverse_tables
synth_L008_r004000.in,4000,32000,1,cuda_gpu_kern_sum,81.3,154751,1,154751.0,154751.0,154751,154751,0.0,"kernel(int *, const int *, const int *, const int *, const int *, const int *, const int *, const int *, const int *, const int *, const int *, const int *, int *, int *, int *, int, int *, int *, int *)"
synth_L008_r004000.in,4000,32000,1,cuda_gpu_kern_sum,18.7,35520,1,35520.0,35520.0,35520,35520,0.0,"init_sums_kernel(const int *, const int *, const int *, const int *, int *, int *, int *, int)"
synth_L008_r004000.in,4000,32000,2,wall,100.0,516357381,1,,,,,,total
synth_L008_r004000.in,4000,32000,2,nvtx_pushpop_sum,51.2,377572,1,377572.0,377572.0,377572,377572,0.0,:fixpoint
synth_L008_r004000.in,4000,32000,2,nvtx_pushpop_sum,48.8,359572,1,359572.0,359572.0,359572,359572,0.0,:build_reverse_tables
synth_L008_r004000.in,4000,32000,2,nvtx_sum,51.2,377572,1,377572.0,377572.0,377572,377572,0.0,PushPop,:fixpoint
synth_L008_r004000.in,4000,32000,2,nvtx_sum,48.8,359572,1,359572.0,359572.0,359572,359572,0.0,PushPop,:build_reverse_tables
synth_L008_r004000.in,4000,32000,2,cuda_gpu_kern_sum,81.3,154399,1,154399.0,154399.0,154399,154399,0.0,"kernel(int *, const int *, const int *, const int *, const int *, const int *, const int *, const int *, const int *, const int *, const int *, const int *, int *, int *, int *, int, int *, int *, int *)"
synth_L008_r004000.in,4000,32000,2,cuda_gpu_kern_sum,18.7,35551,1,35551.0,35551.0,35551,35551,0.0,"init_sums_kernel(const int *, const int *, const int *, const int *, int *, int *, int *, int)"
synth_L008_r004000.in,4000,32000,3,wall,100.0,515882022,1,,,,,,total
synth_L008_r004000.in,4000,32000,3,nvtx_pushpop_sum,55.2,455087,1,455087.0,455087.0,455087,455087,0.0,:fixpoint
synth_L008_r004000.in,4000,32000,3,nvtx_pushpop_sum,44.8,368992,1,368992.0,368992.0,368992,368992,0.0,:build_reverse_tables
synth_L008_r004000.in,4000,32000,3,nvtx_sum,55.2,455087,1,455087.0,455087.0,455087,455087,0.0,PushPop,:fixpoint
synth_L008_r004000.in,4000,32000,3,nvtx_sum,44.8,368992,1,368992.0,368992.0,368992,368992,0.0,PushPop,:build_reverse_tables
synth_L008_r004000.in,4000,32000,3,cuda_gpu_kern_sum,81.2,151551,1,151551.0,151551.0,151551,151551,0.0,"kernel(int *, const int *, const int *, const int *, const int *, const int *, const int *, const int *, const int *, const int *, const int *, const int *, int *, int *, int *, int, int *, int *, int *)"
synth_L008_r004000.in,4000,32000,3,cuda_gpu_kern_sum,18.8,35040,1,35040.0,35040.0,35040,35040,0.0,"init_sums_kernel(const int *, const int *, const int *, const int *, int *, int *, int *, int)"
synth_L008_r008000.in,8000,64000,1,wall,100.0,443921869,1,,,,,,total
synth_L008_r008000.in,8000,64000,1,nvtx_pushpop_sum,55.0,622515,1,622515.0,622515.0,622515,622515,0.0,:build_reverse_tables
synth_L008_r008000.in,8000,64000,1,nvtx_pushpop_sum,45.0,508614,1,508614.0,508614.0,508614,508614,0.0,:fixpoint
synth_L008_r008000.in,8000,64000,1,nvtx_sum,55.0,622515,1,622515.0,622515.0,622515,622515,0.0,PushPop,:build_reverse_tables
synth_L008_r008000.in,8000,64000,1,nvtx_sum,45.0,508614,1,508614.0,508614.0,508614,508614,0.0,PushPop,:fixpoint
synth_L008_r008000.in,8000,64000,1,cuda_gpu_kern_sum,78.0,242846,1,242846.0,242846.0,242846,242846,0.0,"kernel(int *, const int *, const int *, const int *, const int *, const int *, const int *, const int *, const int *, const int *, const int *, const int *, int *, int *, int *, int, int *, int *, int *)"
synth_L008_r008000.in,8000,64000,1,cuda_gpu_kern_sum,22.0,68608,1,68608.0,68608.0,68608,68608,0.0,"init_sums_kernel(const int *, const int *, const int *, const int *, int *, int *, int *, int)"
synth_L008_r008000.in,8000,64000,2,wall,100.0,534586094,1,,,,,,total
synth_L008_r008000.in,8000,64000,2,nvtx_pushpop_sum,56.2,638936,1,638936.0,638936.0,638936,638936,0.0,:build_reverse_tables
synth_L008_r008000.in,8000,64000,2,nvtx_pushpop_sum,43.8,497848,1,497848.0,497848.0,497848,497848,0.0,:fixpoint
synth_L008_r008000.in,8000,64000,2,nvtx_sum,56.2,638936,1,638936.0,638936.0,638936,638936,0.0,PushPop,:build_reverse_tables
synth_L008_r008000.in,8000,64000,2,nvtx_sum,43.8,497848,1,497848.0,497848.0,497848,497848,0.0,PushPop,:fixpoint
synth_L008_r008000.in,8000,64000,2,cuda_gpu_kern_sum,77.9,241886,1,241886.0,241886.0,241886,241886,0.0,"kernel(int *, const int *, const int *, const int *, const int *, const int *, const int *, const int *, const int *, const int *, const int *, const int *, int *, int *, int *, int, int *, int *, int *)"
synth_L008_r008000.in,8000,64000,2,cuda_gpu_kern_sum,22.1,68607,1,68607.0,68607.0,68607,68607,0.0,"init_sums_kernel(const int *, const int *, const int *, const int *, int *, int *, int *, int)"
synth_L008_r008000.in,8000,64000,3,wall,100.0,532557037,1,,,,,,total
synth_L008_r008000.in,8000,64000,3,nvtx_pushpop_sum,56.3,631428,1,631428.0,631428.0,631428,631428,0.0,:build_reverse_tables
synth_L008_r008000.in,8000,64000,3,nvtx_pushpop_sum,43.7,489775,1,489775.0,489775.0,489775,489775,0.0,:fixpoint
synth_L008_r008000.in,8000,64000,3,nvtx_sum,56.3,631428,1,631428.0,631428.0,631428,631428,0.0,PushPop,:build_reverse_tables
synth_L008_r008000.in,8000,64000,3,nvtx_sum,43.7,489775,1,489775.0,489775.0,489775,489775,0.0,PushPop,:fixpoint
synth_L008_r008000.in,8000,64000,3,cuda_gpu_kern_sum,78.1,243902,1,243902.0,243902.0,243902,243902,0.0,"kernel(int *, const int *, const int *, const int *, const int *, const int *, const int *, const int *, const int *, const int *, const int *, const int *, int *, int *, int *, int, int *, int *, int *)"
synth_L008_r008000.in,8000,64000,3,cuda_gpu_kern_sum,21.9,68544,1,68544.0,68544.0,68544,68544,0.0,"init_sums_kernel(const int *, const int *, const int *, const int *, int *, int *, int *, int)"
synth_L200_r000500.in,500,100000,1,wall,100.0,445728495,1,,,,,,total
synth_L200_r000500.in,500,100000,1,nvtx_pushpop_sum,60.2,845578,1,845578.0,845578.0,845578,845578,0.0,:build_reverse_tables
synth_L200_r000500.in,500,100000,1,nvtx_pushpop_sum,39.8,558008,1,558008.0,558008.0,558008,558008,0.0,:fixpoint
synth_L200_r000500.in,500,100000,1,nvtx_sum,60.2,845578,1,845578.0,845578.0,845578,845578,0.0,PushPop,:build_reverse_tables
synth_L200_r000500.in,500,100000,1,nvtx_sum,39.8,558008,1,558008.0,558008.0,558008,558008,0.0,PushPop,:fixpoint
synth_L200_r000500.in,500,100000,1,cuda_gpu_kern_sum,98.0,356414,1,356414.0,356414.0,356414,356414,0.0,"kernel(int *, const int *, const int *, const int *, const int *, const int *, const int *, const int *, const int *, const int *, const int *, const int *, int *, int *, int *, int, int *, int *, int *)"
synth_L200_r000500.in,500,100000,1,cuda_gpu_kern_sum,2.0,7231,1,7231.0,7231.0,7231,7231,0.0,"init_sums_kernel(const int *, const int *, const int *, const int *, int *, int *, int *, int)"
synth_L200_r000500.in,500,100000,2,wall,100.0,546874869,1,,,,,,total
synth_L200_r000500.in,500,100000,2,nvtx_pushpop_sum,56.0,803894,1,803894.0,803894.0,803894,803894,0.0,:build_reverse_tables
synth_L200_r000500.in,500,100000,2,nvtx_pushpop_sum,44.0,632021,1,632021.0,632021.0,632021,632021,0.0,:fixpoint
synth_L200_r000500.in,500,100000,2,nvtx_sum,56.0,803894,1,803894.0,803894.0,803894,803894,0.0,PushPop,:build_reverse_tables
synth_L200_r000500.in,500,100000,2,nvtx_sum,44.0,632021,1,632021.0,632021.0,632021,632021,0.0,PushPop,:fixpoint
synth_L200_r000500.in,500,100000,2,cuda_gpu_kern_sum,98.0,355166,1,355166.0,355166.0,355166,355166,0.0,"kernel(int *, const int *, const int *, const int *, const int *, const int *, const int *, const int *, const int *, const int *, const int *, const int *, int *, int *, int *, int, int *, int *, int *)"
synth_L200_r000500.in,500,100000,2,cuda_gpu_kern_sum,2.0,7296,1,7296.0,7296.0,7296,7296,0.0,"init_sums_kernel(const int *, const int *, const int *, const int *, int *, int *, int *, int)"
synth_L200_r000500.in,500,100000,3,wall,100.0,527696572,1,,,,,,total
synth_L200_r000500.in,500,100000,3,nvtx_pushpop_sum,60.3,832365,1,832365.0,832365.0,832365,832365,0.0,:build_reverse_tables
synth_L200_r000500.in,500,100000,3,nvtx_pushpop_sum,39.7,547620,1,547620.0,547620.0,547620,547620,0.0,:fixpoint
synth_L200_r000500.in,500,100000,3,nvtx_sum,60.3,832365,1,832365.0,832365.0,832365,832365,0.0,PushPop,:build_reverse_tables
synth_L200_r000500.in,500,100000,3,nvtx_sum,39.7,547620,1,547620.0,547620.0,547620,547620,0.0,PushPop,:fixpoint
synth_L200_r000500.in,500,100000,3,cuda_gpu_kern_sum,98.0,349981,1,349981.0,349981.0,349981,349981,0.0,"kernel(int *, const int *, const int *, const int *, const int *, const int *, const int *, const int *, const int *, const int *, const int *, const int *, int *, int *, int *, int, int *, int *, int *)"
synth_L200_r000500.in,500,100000,3,cuda_gpu_kern_sum,2.0,7136,1,7136.0,7136.0,7136,7136,0.0,"init_sums_kernel(const int *, const int *, const int *, const int *, int *, int *, int *, int)"
synth_L200_r001000.in,1000,200000,1,wall,100.0,476184389,1,,,,,,total
synth_L200_r001000.in,1000,200000,1,nvtx_pushpop_sum,66.1,2082904,1,2082904.0,2082904.0,2082904,2082904,0.0,:build_reverse_tables
synth_L200_r001000.in,1000,200000,1,nvtx_pushpop_sum,33.9,1069554,1,1069554.0,1069554.0,1069554,1069554,0.0,:fixpoint
synth_L200_r001000.in,1000,200000,1,nvtx_sum,66.1,2082904,1,2082904.0,2082904.0,2082904,2082904,0.0,PushPop,:build_reverse_tables
synth_L200_r001000.in,1000,200000,1,nvtx_sum,33.9,1069554,1,1069554.0,1069554.0,1069554,1069554,0.0,PushPop,:fixpoint
synth_L200_r001000.in,1000,200000,1,cuda_gpu_kern_sum,98.5,768315,1,768315.0,768315.0,768315,768315,0.0,"kernel(int *, const int *, const int *, const int *, const int *, const int *, const int *, const int *, const int *, const int *, const int *, const int *, int *, int *, int *, int, int *, int *, int *)"
synth_L200_r001000.in,1000,200000,1,cuda_gpu_kern_sum,1.5,11584,1,11584.0,11584.0,11584,11584,0.0,"init_sums_kernel(const int *, const int *, const int *, const int *, int *, int *, int *, int)"
synth_L200_r001000.in,1000,200000,2,wall,100.0,551370826,1,,,,,,total
synth_L200_r001000.in,1000,200000,2,nvtx_pushpop_sum,67.3,2032575,1,2032575.0,2032575.0,2032575,2032575,0.0,:build_reverse_tables
synth_L200_r001000.in,1000,200000,2,nvtx_pushpop_sum,32.7,989328,1,989328.0,989328.0,989328,989328,0.0,:fixpoint
synth_L200_r001000.in,1000,200000,2,nvtx_sum,67.3,2032575,1,2032575.0,2032575.0,2032575,2032575,0.0,PushPop,:build_reverse_tables
synth_L200_r001000.in,1000,200000,2,nvtx_sum,32.7,989328,1,989328.0,989328.0,989328,989328,0.0,PushPop,:fixpoint
synth_L200_r001000.in,1000,200000,2,cuda_gpu_kern_sum,98.5,777914,1,777914.0,777914.0,777914,777914,0.0,"kernel(int *, const int *, const int *, const int *, const int *, const int *, const int *, const int *, const int *, const int *, const int *, const int *, int *, int *, int *, int, int *, int *, int *)"
synth_L200_r001000.in,1000,200000,2,cuda_gpu_kern_sum,1.5,11680,1,11680.0,11680.0,11680,11680,0.0,"init_sums_kernel(const int *, const int *, const int *, const int *, int *, int *, int *, int)"
synth_L200_r001000.in,1000,200000,3,wall,100.0,554346720,1,,,,,,total
synth_L200_r001000.in,1000,200000,3,nvtx_pushpop_sum,66.5,2145004,1,2145004.0,2145004.0,2145004,2145004,0.0,:build_reverse_tables
synth_L200_r001000.in,1000,200000,3,nvtx_pushpop_sum,33.5,1080595,1,1080595.0,1080595.0,1080595,1080595,0.0,:fixpoint
synth_L200_r001000.in,1000,200000,3,nvtx_sum,66.5,2145004,1,2145004.0,2145004.0,2145004,2145004,0.0,PushPop,:build_reverse_tables
synth_L200_r001000.in,1000,200000,3,nvtx_sum,33.5,1080595,1,1080595.0,1080595.0,1080595,1080595,0.0,PushPop,:fixpoint
synth_L200_r001000.in,1000,200000,3,cuda_gpu_kern_sum,98.5,786778,1,786778.0,786778.0,786778,786778,0.0,"kernel(int *, const int *, const int *, const int *, const int *, const int *, const int *, const int *, const int *, const int *, const int *, const int *, int *, int *, int *, int, int *, int *, int *)"
synth_L200_r001000.in,1000,200000,3,cuda_gpu_kern_sum,1.5,11968,1,11968.0,11968.0,11968,11968,0.0,"init_sums_kernel(const int *, const int *, const int *, const int *, int *, int *, int *, int)"
synth_L200_r002000.in,2000,400000,1,wall,100.0,538192870,1,,,,,,total
synth_L200_r002000.in,2000,400000,1,nvtx_pushpop_sum,71.2,4103522,1,4103522.0,4103522.0,4103522,4103522,0.0,:build_reverse_tables
synth_L200_r002000.in,2000,400000,1,nvtx_pushpop_sum,28.8,1662756,1,1662756.0,1662756.0,1662756,1662756,0.0,:fixpoint
synth_L200_r002000.in,2000,400000,1,nvtx_sum,71.2,4103522,1,4103522.0,4103522.0,4103522,4103522,0.0,PushPop,:build_reverse_tables
synth_L200_r002000.in,2000,400000,1,nvtx_sum,28.8,1662756,1,1662756.0,1662756.0,1662756,1662756,0.0,PushPop,:fixpoint
synth_L200_r002000.in,2000,400000,1,cuda_gpu_kern_sum,98.4,1446325,1,1446325.0,1446325.0,1446325,1446325,0.0,"kernel(int *, const int *, const int *, const int *, const int *, const int *, const int *, const int *, const int *, const int *, const int *, const int *, int *, int *, int *, int, int *, int *, int *)"
synth_L200_r002000.in,2000,400000,1,cuda_gpu_kern_sum,1.6,23744,1,23744.0,23744.0,23744,23744,0.0,"init_sums_kernel(const int *, const int *, const int *, const int *, int *, int *, int *, int)"
synth_L200_r002000.in,2000,400000,2,wall,100.0,614281672,1,,,,,,total
synth_L200_r002000.in,2000,400000,2,nvtx_pushpop_sum,71.2,4102164,1,4102164.0,4102164.0,4102164,4102164,0.0,:build_reverse_tables
synth_L200_r002000.in,2000,400000,2,nvtx_pushpop_sum,28.8,1661768,1,1661768.0,1661768.0,1661768,1661768,0.0,:fixpoint
synth_L200_r002000.in,2000,400000,2,nvtx_sum,71.2,4102164,1,4102164.0,4102164.0,4102164,4102164,0.0,PushPop,:build_reverse_tables
synth_L200_r002000.in,2000,400000,2,nvtx_sum,28.8,1661768,1,1661768.0,1661768.0,1661768,1661768,0.0,PushPop,:fixpoint
synth_L200_r002000.in,2000,400000,2,cuda_gpu_kern_sum,98.4,1449493,1,1449493.0,1449493.0,1449493,1449493,0.0,"kernel(int *, const int *, const int *, const int *, const int *, const int *, const int *, const int *, const int *, const int *, const int *, const int *, int *, int *, int *, int, int *, int *, int *)"
synth_L200_r002000.in,2000,400000,2,cuda_gpu_kern_sum,1.6,24000,1,24000.0,24000.0,24000,24000,0.0,"init_sums_kernel(const int *, const int *, const int *, const int *, int *, int *, int *, int)"
synth_L200_r002000.in,2000,400000,3,wall,100.0,620519683,1,,,,,,total
synth_L200_r002000.in,2000,400000,3,nvtx_pushpop_sum,71.6,4193435,1,4193435.0,4193435.0,4193435,4193435,0.0,:build_reverse_tables
synth_L200_r002000.in,2000,400000,3,nvtx_pushpop_sum,28.4,1661162,1,1661162.0,1661162.0,1661162,1661162,0.0,:fixpoint
synth_L200_r002000.in,2000,400000,3,nvtx_sum,71.6,4193435,1,4193435.0,4193435.0,4193435,4193435,0.0,PushPop,:build_reverse_tables
synth_L200_r002000.in,2000,400000,3,nvtx_sum,28.4,1661162,1,1661162.0,1661162.0,1661162,1661162,0.0,PushPop,:fixpoint
synth_L200_r002000.in,2000,400000,3,cuda_gpu_kern_sum,98.4,1444309,1,1444309.0,1444309.0,1444309,1444309,0.0,"kernel(int *, const int *, const int *, const int *, const int *, const int *, const int *, const int *, const int *, const int *, const int *, const int *, int *, int *, int *, int, int *, int *, int *)"
synth_L200_r002000.in,2000,400000,3,cuda_gpu_kern_sum,1.6,23808,1,23808.0,23808.0,23808,23808,0.0,"init_sums_kernel(const int *, const int *, const int *, const int *, int *, int *, int *, int)"
synth_L200_r004000.in,4000,800000,1,wall,100.0,657528912,1,,,,,,total
synth_L200_r004000.in,4000,800000,1,nvtx_pushpop_sum,82.4,8378867,1,8378867.0,8378867.0,8378867,8378867,0.0,:build_reverse_tables
synth_L200_r004000.in,4000,800000,1,nvtx_pushpop_sum,17.6,1786271,1,1786271.0,1786271.0,1786271,1786271,0.0,:fixpoint
synth_L200_r004000.in,4000,800000,1,nvtx_sum,82.4,8378867,1,8378867.0,8378867.0,8378867,8378867,0.0,PushPop,:build_reverse_tables
synth_L200_r004000.in,4000,800000,1,nvtx_sum,17.6,1786271,1,1786271.0,1786271.0,1786271,1786271,0.0,PushPop,:fixpoint
synth_L200_r004000.in,4000,800000,1,cuda_gpu_kern_sum,97.3,1550548,1,1550548.0,1550548.0,1550548,1550548,0.0,"kernel(int *, const int *, const int *, const int *, const int *, const int *, const int *, const int *, const int *, const int *, const int *, const int *, int *, int *, int *, int, int *, int *, int *)"
synth_L200_r004000.in,4000,800000,1,cuda_gpu_kern_sum,2.7,43712,1,43712.0,43712.0,43712,43712,0.0,"init_sums_kernel(const int *, const int *, const int *, const int *, int *, int *, int *, int)"
synth_L200_r004000.in,4000,800000,2,wall,100.0,688277184,1,,,,,,total
synth_L200_r004000.in,4000,800000,2,nvtx_pushpop_sum,81.3,7851393,1,7851393.0,7851393.0,7851393,7851393,0.0,:build_reverse_tables
synth_L200_r004000.in,4000,800000,2,nvtx_pushpop_sum,18.7,1800184,1,1800184.0,1800184.0,1800184,1800184,0.0,:fixpoint
synth_L200_r004000.in,4000,800000,2,nvtx_sum,81.3,7851393,1,7851393.0,7851393.0,7851393,7851393,0.0,PushPop,:build_reverse_tables
synth_L200_r004000.in,4000,800000,2,nvtx_sum,18.7,1800184,1,1800184.0,1800184.0,1800184,1800184,0.0,PushPop,:fixpoint
synth_L200_r004000.in,4000,800000,2,cuda_gpu_kern_sum,97.2,1545749,1,1545749.0,1545749.0,1545749,1545749,0.0,"kernel(int *, const int *, const int *, const int *, const int *, const int *, const int *, const int *, const int *, const int *, const int *, const int *, int *, int *, int *, int, int *, int *, int *)"
synth_L200_r004000.in,4000,800000,2,cuda_gpu_kern_sum,2.8,43775,1,43775.0,43775.0,43775,43775,0.0,"init_sums_kernel(const int *, const int *, const int *, const int *, int *, int *, int *, int)"
synth_L200_r004000.in,4000,800000,3,wall,100.0,726686637,1,,,,,,total
synth_L200_r004000.in,4000,800000,3,nvtx_pushpop_sum,82.5,8399289,1,8399289.0,8399289.0,8399289,8399289,0.0,:build_reverse_tables
synth_L200_r004000.in,4000,800000,3,nvtx_pushpop_sum,17.5,1783231,1,1783231.0,1783231.0,1783231,1783231,0.0,:fixpoint
synth_L200_r004000.in,4000,800000,3,nvtx_sum,82.5,8399289,1,8399289.0,8399289.0,8399289,8399289,0.0,PushPop,:build_reverse_tables
synth_L200_r004000.in,4000,800000,3,nvtx_sum,17.5,1783231,1,1783231.0,1783231.0,1783231,1783231,0.0,PushPop,:fixpoint
synth_L200_r004000.in,4000,800000,3,cuda_gpu_kern_sum,97.2,1548404,1,1548404.0,1548404.0,1548404,1548404,0.0,"kernel(int *, const int *, const int *, const int *, const int *, const int *, const int *, const int *, const int *, const int *, const int *, const int *, int *, int *, int *, int, int *, int *, int *)"
synth_L200_r004000.in,4000,800000,3,cuda_gpu_kern_sum,2.8,43968,1,43968.0,43968.0,43968,43968,0.0,"init_sums_kernel(const int *, const int *, const int *, const int *, int *, int *, int *, int)"
synth_L200_r008000.in,8000,1600000,1,wall,100.0,880202207,1,,,,,,total
synth_L200_r008000.in,8000,1600000,1,nvtx_pushpop_sum,90.0,16779678,1,16779678.0,16779678.0,16779678,16779678,0.0,:build_reverse_tables
synth_L200_r008000.in,8000,1600000,1,nvtx_pushpop_sum,10.0,1868498,1,1868498.0,1868498.0,1868498,1868498,0.0,:fixpoint
synth_L200_r008000.in,8000,1600000,1,nvtx_sum,90.0,16779678,1,16779678.0,16779678.0,16779678,16779678,0.0,PushPop,:build_reverse_tables
synth_L200_r008000.in,8000,1600000,1,nvtx_sum,10.0,1868498,1,1868498.0,1868498.0,1868498,1868498,0.0,PushPop,:fixpoint
synth_L200_r008000.in,8000,1600000,1,cuda_gpu_kern_sum,95.0,1584629,1,1584629.0,1584629.0,1584629,1584629,0.0,"kernel(int *, const int *, const int *, const int *, const int *, const int *, const int *, const int *, const int *, const int *, const int *, const int *, int *, int *, int *, int, int *, int *, int *)"
synth_L200_r008000.in,8000,1600000,1,cuda_gpu_kern_sum,5.0,83423,1,83423.0,83423.0,83423,83423,0.0,"init_sums_kernel(const int *, const int *, const int *, const int *, int *, int *, int *, int)"
synth_L200_r008000.in,8000,1600000,2,wall,100.0,955540137,1,,,,,,total
synth_L200_r008000.in,8000,1600000,2,nvtx_pushpop_sum,89.8,16134032,1,16134032.0,16134032.0,16134032,16134032,0.0,:build_reverse_tables
synth_L200_r008000.in,8000,1600000,2,nvtx_pushpop_sum,10.2,1837542,1,1837542.0,1837542.0,1837542,1837542,0.0,:fixpoint
synth_L200_r008000.in,8000,1600000,2,nvtx_sum,89.8,16134032,1,16134032.0,16134032.0,16134032,16134032,0.0,PushPop,:build_reverse_tables
synth_L200_r008000.in,8000,1600000,2,nvtx_sum,10.2,1837542,1,1837542.0,1837542.0,1837542,1837542,0.0,PushPop,:fixpoint
synth_L200_r008000.in,8000,1600000,2,cuda_gpu_kern_sum,94.9,1554197,1,1554197.0,1554197.0,1554197,1554197,0.0,"kernel(int *, const int *, const int *, const int *, const int *, const int *, const int *, const int *, const int *, const int *, const int *, const int *, int *, int *, int *, int, int *, int *, int *)"
synth_L200_r008000.in,8000,1600000,2,cuda_gpu_kern_sum,5.1,83232,1,83232.0,83232.0,83232,83232,0.0,"init_sums_kernel(const int *, const int *, const int *, const int *, int *, int *, int *, int)"
synth_L200_r008000.in,8000,1600000,3,wall,100.0,950635849,1,,,,,,total
synth_L200_r008000.in,8000,1600000,3,nvtx_pushpop_sum,90.1,16642832,1,16642832.0,16642832.0,16642832,16642832,0.0,:build_reverse_tables
synth_L200_r008000.in,8000,1600000,3,nvtx_pushpop_sum,9.9,1836443,1,1836443.0,1836443.0,1836443,1836443,0.0,:fixpoint
synth_L200_r008000.in,8000,1600000,3,nvtx_sum,90.1,16642832,1,16642832.0,16642832.0,16642832,16642832,0.0,PushPop,:build_reverse_tables
synth_L200_r008000.in,8000,1600000,3,nvtx_sum,9.9,1836443,1,1836443.0,1836443.0,1836443,1836443,0.0,PushPop,:fixpoint
synth_L200_r008000.in,8000,1600000,3,cuda_gpu_kern_sum,94.9,1554100,1,1554100.0,1554100.0,1554100,1554100,0.0,"kernel(int *, const int *, const int *, const int *, const int *, const int *, const int *, const int *, const int *, const int *, const int *, const int *, int *, int *, int *, int, int *, int *, int *)"
synth_L200_r008000.in,8000,1600000,3,cuda_gpu_kern_sum,5.1,83360,1,83360.0,83360.0,83360,83360,0.0,"init_sums_kernel(const int *, const int *, const int *, const int *, int *, int *, int *, int)"
